{
  "metrics": {
    "raw": {
      "ap": 0.9255525726462082,
      "fpr05": 0.025974025974025976,
      "hard_fp": 1,
      "hard_fpr": 0.012987012987012988,
      "hard_tp": 40,
      "pos_rate": 0.2662337662337662,
      "rec05": 0.6623376623376623,
      "reward": 0.8726446991274716,
      "sanity": 1.0
    },
    "top1": {
      "ap": 0.9255525726462082,
      "fpr05": 0.025974025974025976,
      "hard_fp": 0,
      "hard_fpr": 0.0,
      "hard_tp": 1,
      "pos_rate": 0.006493506493506494,
      "rec05": 0.6623376623376623,
      "reward": 0.8726446991274716,
      "sanity": 1.0
    },
    "top10": {
      "ap": 0.9255525726462082,
      "fpr05": 0.025974025974025976,
      "hard_fp": 0,
      "hard_fpr": 0.0,
      "hard_tp": 10,
      "pos_rate": 0.06493506493506493,
      "rec05": 0.6623376623376623,
      "reward": 0.8726446991274716,
      "sanity": 1.0
    },
    "top15": {
      "ap": 0.9255525726462082,
      "fpr05": 0.025974025974025976,
      "hard_fp": 0,
      "hard_fpr": 0.0,
      "hard_tp": 15,
      "pos_rate": 0.09740259740259741,
      "rec05": 0.6623376623376623,
      "reward": 0.8726446991274716,
      "sanity": 1.0
    },
    "top2": {
      "ap": 0.9255525726462082,
      "fpr05": 0.025974025974025976,
      "hard_fp": 0,
      "hard_fpr": 0.0,
      "hard_tp": 2,
      "pos_rate": 0.012987012987012988,
      "rec05": 0.6623376623376623,
      "reward": 0.8726446991274716,
      "sanity": 1.0
    },
    "top3": {
      "ap": 0.9255525726462082,
      "fpr05": 0.025974025974025976,
      "hard_fp": 0,
      "hard_fpr": 0.0,
      "hard_tp": 3,
      "pos_rate": 0.01948051948051948,
      "rec05": 0.6623376623376623,
      "reward": 0.8726446991274716,
      "sanity": 1.0
    },
    "top5": {
      "ap": 0.9255525726462082,
      "fpr05": 0.025974025974025976,
      "hard_fp": 0,
      "hard_fpr": 0.0,
      "hard_tp": 5,
      "pos_rate": 0.032467532467532464,
      "rec05": 0.6623376623376623,
      "reward": 0.8726446991274716,
      "sanity": 1.0
    },
    "top8": {
      "ap": 0.9255525726462082,
      "fpr05": 0.025974025974025976,
      "hard_fp": 0,
      "hard_fpr": 0.0,
      "hard_tp": 8,
      "pos_rate": 0.05194805194805195,
      "rec05": 0.6623376623376623,
      "reward": 0.8726446991274716,
      "sanity": 1.0
    }
  },
  "n": 154,
  "pos": 77,
  "raw_std": 0.06500925841547765
}