{
  "all_batch_eval": {
    "avg": {
      "ap": 0.939198641955187,
      "ap_sklearn": 0.939198641955187,
      "auc": 0.9380774193548386,
      "batches": 62.0,
      "fpr": 0.005806451612903226,
      "hard_bot_recall": 0.9335483870967742,
      "hard_fpr": 0.06709677419354838,
      "positive_prediction_rate": 0.5003225806451613,
      "recall_at_fpr05": 0.8741935483870968,
      "reward": 0.9234507074800145,
      "threshold_sanity_quality": 0.9415770609318996
    },
    "et": {
      "ap": 0.9391925601179856,
      "ap_sklearn": 0.9391925601179856,
      "auc": 0.9380709677419354,
      "batches": 62.0,
      "fpr": 0.005483870967741935,
      "hard_bot_recall": 0.9483870967741935,
      "hard_fpr": 0.08258064516129032,
      "positive_prediction_rate": 0.515483870967742,
      "recall_at_fpr05": 0.8745161290322581,
      "reward": 0.9187066433531229,
      "threshold_sanity_quality": 0.9254480286738351
    },
    "hgb": {
      "ap": 0.939198641955187,
      "ap_sklearn": 0.939198641955187,
      "auc": 0.9380774193548386,
      "batches": 62.0,
      "fpr": 0.006129032258064516,
      "hard_bot_recall": 0.934516129032258,
      "hard_fpr": 0.06806451612903225,
      "positive_prediction_rate": 0.5012903225806451,
      "recall_at_fpr05": 0.8745161290322581,
      "reward": 0.9232249010284015,
      "threshold_sanity_quality": 0.9405017921146953
    },
    "rank_mean": {
      "ap": 0.9409953506394336,
      "ap_sklearn": 0.9409953506394336,
      "auc": 0.9381612903225806,
      "batches": 62.0,
      "fpr": 0.004516129032258065,
      "hard_bot_recall": 0.9349534674428162,
      "hard_fpr": 0.07399352300913291,
      "positive_prediction_rate": 0.5045161290322582,
      "recall_at_fpr05": 0.8745161290322581,
      "reward": 0.9235311684227265,
      "threshold_sanity_quality": 0.939426523297491
    },
    "rf": {
      "ap": 0.9391925601179856,
      "ap_sklearn": 0.9391925601179856,
      "auc": 0.9380709677419354,
      "batches": 62.0,
      "fpr": 0.006129032258064516,
      "hard_bot_recall": 0.9351612903225807,
      "hard_fpr": 0.06999999999999998,
      "positive_prediction_rate": 0.5025806451612904,
      "recall_at_fpr05": 0.873225806451613,
      "reward": 0.9226206218477463,
      "threshold_sanity_quality": 0.9397849462365592
    }
  },
  "created_at_utc": "2026-07-09T19:30:50Z",
  "deployment_note": "Research candidate only. Must pass live topology, deployability, public readiness, and gate before deploy.",
  "family": "v249_batchrank_behavmix_v11",
  "feature_count": 1124,
  "feature_set": "behav_mix_v11",
  "holdout_batch_eval": {
    "avg": {
      "ap": 0.9992251491791686,
      "ap_sklearn": 0.9992251491791686,
      "auc": 0.9992,
      "batches": 3.0,
      "fpr": 0.013333333333333334,
      "hard_bot_recall": 0.9933333333333333,
      "hard_fpr": 0.013333333333333334,
      "positive_prediction_rate": 0.5033333333333333,
      "recall_at_fpr05": 0.9933333333333333,
      "reward": 0.997728802212709,
      "threshold_sanity_quality": 1.0
    },
    "et": {
      "ap": 0.9993532537543319,
      "ap_sklearn": 0.9993532537543319,
      "auc": 0.9993333333333334,
      "batches": 3.0,
      "fpr": 0.006666666666666667,
      "hard_bot_recall": 0.9933333333333333,
      "hard_fpr": 0.013333333333333334,
      "positive_prediction_rate": 0.5033333333333333,
      "recall_at_fpr05": 0.9933333333333333,
      "reward": 0.997773638814016,
      "threshold_sanity_quality": 1.0
    },
    "hgb": {
      "ap": 0.9992447349310094,
      "ap_sklearn": 0.9992447349310094,
      "auc": 0.9992000000000001,
      "batches": 3.0,
      "fpr": 0.013333333333333334,
      "hard_bot_recall": 0.9866666666666667,
      "hard_fpr": 0.013333333333333334,
      "positive_prediction_rate": 0.5,
      "recall_at_fpr05": 0.9933333333333333,
      "reward": 0.9977356572258532,
      "threshold_sanity_quality": 1.0
    },
    "rank_mean": {
      "ap": 0.9993514328808447,
      "ap_sklearn": 0.9993514328808447,
      "auc": 0.9993333333333334,
      "batches": 3.0,
      "fpr": 0.02,
      "hard_bot_recall": 0.9933333333333333,
      "hard_fpr": 0.02666666666666667,
      "positive_prediction_rate": 0.51,
      "recall_at_fpr05": 1.0,
      "reward": 0.9997730015082955,
      "threshold_sanity_quality": 1.0
    },
    "rf": {
      "ap": 0.9968356434408654,
      "ap_sklearn": 0.9968356434408654,
      "auc": 0.9969333333333333,
      "batches": 3.0,
      "fpr": 0.03333333333333333,
      "hard_bot_recall": 0.9733333333333333,
      "hard_fpr": 0.02666666666666667,
      "positive_prediction_rate": 0.5,
      "recall_at_fpr05": 1.0,
      "reward": 0.9988924752043028,
      "threshold_sanity_quality": 1.0
    }
  },
  "holdout_dates": [
    "2026-07-08",
    "2026-07-09"
  ],
  "holdout_eval": {
    "avg": {
      "ap": 0.9981290653855303,
      "ap_sklearn": 0.9981290653855303,
      "auc": 0.9982666666666666,
      "fpr": 0.04,
      "hard_bot_recall": 0.9933333333333333,
      "hard_fpr": 0.013333333333333334,
      "positive_prediction_rate": 0.5033333333333333,
      "recall_at_fpr05": 1.0,
      "reward": 0.9993451728849355,
      "threshold_sanity_quality": 1.0
    },
    "et": {
      "ap": 0.9990388977972926,
      "ap_sklearn": 0.9990388977972926,
      "auc": 0.9990666666666668,
      "fpr": 0.02666666666666667,
      "hard_bot_recall": 0.9933333333333333,
      "hard_fpr": 0.013333333333333334,
      "positive_prediction_rate": 0.5033333333333333,
      "recall_at_fpr05": 1.0,
      "reward": 0.9996636142290524,
      "threshold_sanity_quality": 1.0
    },
    "hgb": {
      "ap": 0.9991647812917184,
      "ap_sklearn": 0.9991647812917184,
      "auc": 0.9991555555555556,
      "fpr": 0.04666666666666667,
      "hard_bot_recall": 0.9866666666666667,
      "hard_fpr": 0.013333333333333334,
      "positive_prediction_rate": 0.5,
      "recall_at_fpr05": 1.0,
      "reward": 0.9997076734521014,
      "threshold_sanity_quality": 1.0
    },
    "rank_mean": {
      "ap": 0.998523236427618,
      "ap_sklearn": 0.998523236427618,
      "auc": 0.9985777777777778,
      "fpr": 0.02666666666666667,
      "hard_bot_recall": 0.9866666666666667,
      "hard_fpr": 0.02,
      "positive_prediction_rate": 0.5033333333333333,
      "recall_at_fpr05": 1.0,
      "reward": 0.9994831327496662,
      "threshold_sanity_quality": 1.0
    },
    "rf": {
      "ap": 0.9913548843802387,
      "ap_sklearn": 0.9913548843802387,
      "auc": 0.9929333333333332,
      "fpr": 0.04,
      "hard_bot_recall": 0.9733333333333334,
      "hard_fpr": 0.02666666666666667,
      "positive_prediction_rate": 0.5,
      "recall_at_fpr05": 0.9933333333333333,
      "reward": 0.9949742095330835,
      "threshold_sanity_quality": 1.0
    }
  },
  "model_path": "data/models/v249_batchrank_behavmix_v11/model.pkl",
  "model_sha256": "54ecf2719b32459fb90dd2bb6794bb65802b4ade625ebb05b0de338f44303dfe",
  "n_all": 6216,
  "n_holdout": 300,
  "n_train": 5916,
  "source_dates": [
    "2026-04-30",
    "2026-05-01",
    "2026-05-02",
    "2026-05-03",
    "2026-05-04",
    "2026-05-05",
    "2026-05-06",
    "2026-05-07",
    "2026-05-08",
    "2026-05-26",
    "2026-05-27",
    "2026-05-28",
    "2026-05-29",
    "2026-05-30",
    "2026-05-31",
    "2026-06-01",
    "2026-06-02",
    "2026-06-03",
    "2026-06-04",
    "2026-06-05",
    "2026-06-06",
    "2026-06-07",
    "2026-06-08",
    "2026-06-09",
    "2026-06-10",
    "2026-06-11",
    "2026-06-12",
    "2026-06-13",
    "2026-06-14",
    "2026-06-15",
    "2026-06-16",
    "2026-06-17",
    "2026-06-18",
    "2026-06-19",
    "2026-06-20",
    "2026-06-21",
    "2026-06-22",
    "2026-06-23",
    "2026-06-24",
    "2026-06-25",
    "2026-06-26",
    "2026-06-27",
    "2026-06-28",
    "2026-06-29",
    "2026-06-30",
    "2026-07-01",
    "2026-07-02",
    "2026-07-03",
    "2026-07-04",
    "2026-07-05",
    "2026-07-06",
    "2026-07-07",
    "2026-07-08",
    "2026-07-09"
  ],